Customer ID,frequency,recency,T,monetary_value
100001,0.0,0.0,1428.0,0.0
100002,0.0,0.0,177.0,0.0
100004,5.0,411.0,2185.0,4713.95
100005,0.0,0.0,1311.0,0.0
100006,0.0,0.0,1583.0,0.0
100007,8.0,1343.0,2072.0,1985.4125
100008,1.0,392.0,1347.0,2595.0
100009,1.0,34.0,1952.0,1102.0
100010,1.0,48.0,1563.0,350.0
100011,0.0,0.0,1127.0,0.0
100012,8.0,1500.0,2109.0,15402.0
100013,1.0,51.0,471.0,500.0
100014,8.0,1758.0,2138.0,2501.1575000000003
100015,1.0,115.0,1648.0,1599.0
100016,1.0,602.0,1660.0,600.0
100017,4.0,589.0,2072.0,4020.0
100018,0.0,0.0,1185.0,0.0
100019,2.0,1093.0,1220.0,2975.0
100020,10.0,2044.0,2138.0,1010.4
100021,9.0,1889.0,1996.0,1557.5555555555557
100023,1.0,1547.0,2157.0,489.99
100024,0.0,0.0,1689.0,0.0
100025,2.0,908.0,2150.0,472.5
100026,8.0,1256.0,2145.0,814.375
100027,2.0,235.0,1715.0,2855.5
100028,0.0,0.0,1655.0,0.0
100029,1.0,83.0,177.0,503.0
100030,0.0,0.0,1056.0,0.0
100031,31.0,1198.0,1242.0,31055.88806451613
100032,1.0,28.0,2012.0,1160.0
100033,2.0,355.0,2156.0,1435.5
100034,4.0,627.0,882.0,4193.675
100035,0.0,0.0,913.0,0.0
100036,5.0,455.0,1291.0,15085.560000000001
100037,57.0,2004.0,2004.0,83579.2398245614
100038,0.0,0.0,2061.0,0.0
100039,0.0,0.0,1557.0,0.0
100040,8.0,1088.0,1952.0,960.98375
100041,0.0,0.0,2157.0,0.0
100042,2.0,329.0,2159.0,1538.5
100043,0.0,0.0,1123.0,0.0
100044,0.0,0.0,2137.0,0.0
100045,1.0,203.0,297.0,76819.31
100046,5.0,410.0,2178.0,2693.1
100047,0.0,0.0,569.0,0.0
100048,2.0,148.0,1375.0,5467.775
100049,1.0,6.0,392.0,650.0
100050,0.0,0.0,1374.0,0.0
100051,2.0,112.0,526.0,9400.0
100052,1.0,398.0,2109.0,225.0
100053,0.0,0.0,129.0,0.0
100054,14.0,2055.0,2184.0,2417.4121428571425
100055,1.0,169.0,416.0,1175.0
100056,1.0,22.0,1197.0,500.0
100057,1.0,49.0,1512.0,800.0
100058,4.0,628.0,1645.0,3455.575
100059,0.0,0.0,1801.0,0.0
100060,2.0,797.0,1773.0,295.0
100061,1.0,1076.0,1891.0,170.0
100062,0.0,0.0,906.0,0.0
100063,7.0,387.0,2124.0,514.7857142857143
100064,2.0,224.0,1365.0,620.0
100065,0.0,0.0,966.0,0.0
100066,0.0,0.0,1695.0,0.0
100067,6.0,1582.0,1646.0,118887.86666666665
100068,2.0,1869.0,2046.0,1467.1100000000001
100069,4.0,1467.0,1888.0,712.5
100070,7.0,1486.0,1907.0,1440.2857142857142
100071,0.0,0.0,1914.0,0.0
100072,12.0,829.0,920.0,2998.6633333333334
100073,0.0,0.0,563.0,0.0
100074,0.0,0.0,1506.0,0.0
100075,2.0,190.0,2095.0,403.5
100076,9.0,1564.0,2033.0,2775.017777777778
100077,2.0,133.0,1897.0,839.5
100078,5.0,1480.0,1529.0,2561.92
100079,1.0,35.0,2178.0,594.96
100080,2.0,71.0,218.0,18600.5
100081,2.0,456.0,1543.0,2012.0
100082,3.0,1155.0,2054.0,3049.6666666666665
100083,5.0,1259.0,2144.0,24422.0
100084,3.0,512.0,1919.0,953.0
100085,15.0,1807.0,1816.0,9892.866666666667
100086,0.0,0.0,1814.0,0.0
100087,1.0,44.0,976.0,339.0
100088,0.0,0.0,864.0,0.0
100089,0.0,0.0,619.0,0.0
100090,9.0,1329.0,2178.0,2153.1111111111113
100091,0.0,0.0,2093.0,0.0
100092,3.0,421.0,555.0,4153.5
100093,0.0,0.0,1071.0,0.0
100094,0.0,0.0,1828.0,0.0
100095,6.0,1173.0,2155.0,866.8333333333334
100096,0.0,0.0,819.0,0.0
100097,0.0,0.0,1570.0,0.0
100098,2.0,21.0,581.0,4349.5
100099,2.0,792.0,1352.0,1213.5
100100,0.0,0.0,1966.0,0.0
100101,0.0,0.0,821.0,0.0
100102,0.0,0.0,1953.0,0.0
100103,2.0,273.0,1990.0,395.5
100104,0.0,0.0,1858.0,0.0
100105,2.0,321.0,1884.0,470.0
100106,3.0,553.0,2102.0,4766.39
100107,0.0,0.0,1760.0,0.0
100108,0.0,0.0,2115.0,0.0
100109,0.0,0.0,49.0,0.0
100110,0.0,0.0,66.0,0.0
100111,1.0,49.0,1808.0,2085.0
100112,1.0,1779.0,1906.0,1550.0
100113,0.0,0.0,1520.0,0.0
100114,1.0,792.0,2075.0,297.0
100115,20.0,2067.0,2144.0,5258.736500000001
100116,0.0,0.0,1907.0,0.0
100118,0.0,0.0,1722.0,0.0
100119,0.0,0.0,2124.0,0.0
100120,4.0,265.0,1073.0,1759.75
100121,9.0,1666.0,2107.0,882.8666666666666
100122,0.0,0.0,856.0,0.0
100123,4.0,1006.0,2134.0,1029.25
100124,0.0,0.0,1871.0,0.0
100125,0.0,0.0,2117.0,0.0
100126,0.0,0.0,407.0,0.0
100127,0.0,0.0,805.0,0.0
100128,1.0,700.0,1746.0,2150.0
100129,0.0,0.0,1872.0,0.0
100130,12.0,1021.0,2107.0,45043.0625
100131,3.0,447.0,2044.0,2145.6666666666665
100133,2.0,84.0,2165.0,2205.42
100134,0.0,0.0,997.0,0.0
100135,4.0,441.0,2143.0,2532.2
100136,3.0,1310.0,2186.0,2647.6666666666665
100137,1.0,426.0,2177.0,3165.0
100138,0.0,0.0,1613.0,0.0
100139,2.0,1519.0,2177.0,2182.0
100140,4.0,604.0,2124.0,1772.875
100141,0.0,0.0,2151.0,0.0
100142,5.0,940.0,1248.0,2864.4
100143,1.0,902.0,1086.0,1099.0
100144,2.0,387.0,1934.0,563.5
100145,1.0,56.0,1746.0,850.0
100146,1.0,440.0,1871.0,916.62
100148,18.0,1873.0,1939.0,6609.583333333333
100149,0.0,0.0,10.0,0.0
100150,3.0,134.0,1711.0,1749.3333333333333
100151,0.0,0.0,2117.0,0.0
100152,0.0,0.0,199.0,0.0
100153,27.0,1768.0,2142.0,1964.7037037037037
100155,6.0,1783.0,1877.0,676.1666666666666
100156,3.0,1428.0,2026.0,3591.3333333333335
100157,0.0,0.0,1683.0,0.0
100158,4.0,796.0,1120.0,4060.2749999999996
100159,1.0,350.0,1094.0,4008.0
100160,1.0,42.0,906.0,52675.0
100161,0.0,0.0,2124.0,0.0
100162,1.0,1431.0,2155.0,3225.0
100163,0.0,0.0,52.0,0.0
100164,0.0,0.0,1940.0,0.0
100165,9.0,1370.0,2185.0,877.1111111111111
100166,7.0,1805.0,2116.0,1544.7142857142858
100167,24.0,1783.0,2162.0,14478.197916666666
100168,1.0,400.0,409.0,1215.0
100169,1.0,39.0,1928.0,1280.0
100170,2.0,101.0,1949.0,1076.75
100171,0.0,0.0,1690.0,0.0
100172,2.0,93.0,1879.0,269.0
100173,2.0,294.0,2173.0,672.5
100174,1.0,230.0,282.0,1999.0
100175,6.0,959.0,2033.0,436.8333333333333
100176,1.0,100.0,1760.0,667.0
100178,4.0,1736.0,1911.0,2448.5
100179,0.0,0.0,1086.0,0.0
100180,0.0,0.0,904.0,0.0
100181,4.0,1764.0,2144.0,1460.5
100182,4.0,255.0,2005.0,438.0
100183,0.0,0.0,86.0,0.0
100184,0.0,0.0,969.0,0.0
100185,14.0,1406.0,1913.0,4693.46
100186,2.0,1025.0,1179.0,2046.75
100187,1.0,104.0,562.0,2300.0
100188,3.0,295.0,1654.0,655.6666666666666
100189,0.0,0.0,2046.0,0.0
100190,1.0,3.0,1928.0,4076.0
100191,0.0,0.0,1800.0,0.0
100192,1.0,264.0,1779.0,1275.0
100193,1.0,7.0,647.0,1721.92
100194,0.0,0.0,2018.0,0.0
100195,2.0,175.0,247.0,8370.0
100196,7.0,1422.0,2045.0,2781.6428571428573
100197,0.0,0.0,1696.0,0.0
100198,0.0,0.0,469.0,0.0
100199,0.0,0.0,1822.0,0.0
100200,0.0,0.0,1729.0,0.0
100201,0.0,0.0,409.0,0.0
100202,0.0,0.0,1368.0,0.0
100203,0.0,0.0,1394.0,0.0
100204,0.0,0.0,1232.0,0.0
100205,4.0,799.0,2004.0,1632.75
100206,3.0,731.0,1854.0,271.6666666666667
100207,1.0,15.0,1515.0,1050.0
100208,2.0,379.0,1774.0,18350.0
100209,2.0,37.0,1038.0,1747.5
100210,2.0,686.0,1248.0,4570.155
100211,28.0,2131.0,2141.0,8028.53
100212,0.0,0.0,2038.0,0.0
100213,15.0,1679.0,2134.0,2017.6
100214,6.0,1356.0,1527.0,4164.333333333333
100215,11.0,1611.0,1871.0,1729.9363636363635
100216,2.0,457.0,1949.0,601.5
100217,3.0,958.0,2044.0,1934.3333333333333
100218,0.0,0.0,913.0,0.0
100219,3.0,1156.0,2185.0,763.0
100220,5.0,1543.0,1952.0,2198.4
100221,6.0,1309.0,1760.0,1311.1666666666667
100222,1.0,35.0,661.0,3548.0
100223,4.0,567.0,751.0,90990.6125
100224,2.0,903.0,1690.0,30.0
100225,2.0,34.0,561.0,12368.94
100226,4.0,386.0,547.0,1918.6775
100227,0.0,0.0,1365.0,0.0
100228,0.0,0.0,1512.0,0.0
100229,7.0,971.0,1940.0,5352.857142857143
100230,1.0,210.0,1557.0,4843.0
100231,3.0,138.0,1246.0,30128.333333333332
100232,6.0,722.0,2185.0,3464.3333333333335
100233,5.0,1078.0,2164.0,702.4
100234,14.0,1356.0,2164.0,2556.8571428571427
100235,2.0,82.0,2149.0,1511.25
100236,1.0,15.0,876.0,298.0
100238,9.0,1026.0,2082.0,952.2222222222222
100239,0.0,0.0,1879.0,0.0
100240,7.0,1055.0,1940.0,1802.142857142857
100241,1.0,252.0,1428.0,13065.9
100242,0.0,0.0,115.0,0.0
100243,3.0,1447.0,1917.0,1300.0
100244,0.0,0.0,792.0,0.0
100245,0.0,0.0,2095.0,0.0
100246,3.0,1100.0,1471.0,700.0
100247,16.0,1080.0,1438.0,22506.348125
100248,0.0,0.0,1681.0,0.0
100249,10.0,1529.0,1746.0,13221.7
100250,0.0,0.0,567.0,0.0
100251,3.0,772.0,920.0,1633.1333333333332
100252,17.0,2121.0,2123.0,1378.0258823529414
100253,10.0,1358.0,1564.0,1964.0
100254,14.0,1818.0,2058.0,4417.025
100255,6.0,1534.0,1774.0,3307.3333333333335
100256,10.0,1089.0,2072.0,1088.3200000000002
100258,0.0,0.0,2004.0,0.0
100259,3.0,1856.0,1970.0,5165.0
100260,6.0,1412.0,2141.0,9082.241666666667
100261,3.0,600.0,945.0,18393.333333333332
100262,0.0,0.0,755.0,0.0
100263,0.0,0.0,1533.0,0.0
100264,2.0,647.0,1858.0,3074.0
100265,0.0,0.0,1554.0,0.0
100266,1.0,923.0,1822.0,8994.0
100267,7.0,1428.0,1773.0,1477.857142857143
100268,3.0,903.0,1968.0,771.6666666666666
100269,2.0,513.0,1389.0,9600.0
100270,1.0,508.0,1564.0,45885.0
100271,13.0,1183.0,2173.0,19649.30769230769
100272,1.0,39.0,749.0,695.0
100273,0.0,0.0,1759.0,0.0
100274,0.0,0.0,247.0,0.0
100275,22.0,1662.0,1952.0,1901.590909090909
100276,0.0,0.0,1191.0,0.0
100277,1.0,68.0,2043.0,129.0
100278,0.0,0.0,406.0,0.0
100279,11.0,1608.0,1953.0,1385.0
100280,0.0,0.0,1907.0,0.0
100281,0.0,0.0,1199.0,0.0
100282,4.0,758.0,2018.0,2381.525
100283,0.0,0.0,994.0,0.0
100284,0.0,0.0,1092.0,0.0
100285,1.0,8.0,1634.0,38690.0
100286,18.0,1868.0,2172.0,59901.6238888889
100287,1.0,1225.0,1564.0,8396.0
100288,2.0,171.0,808.0,2087.0
100289,0.0,0.0,1541.0,0.0
100290,0.0,0.0,1737.0,0.0
100291,2.0,538.0,947.0,3245.0
100292,3.0,154.0,1899.0,792.6666666666666
100293,2.0,743.0,1199.0,1072.5
100294,1.0,61.0,2065.0,634.0
100295,0.0,0.0,2141.0,0.0
100296,1.0,209.0,323.0,599.0
100297,10.0,1914.0,2155.0,1146.5
100298,2.0,157.0,1249.0,2975.55
100299,1.0,63.0,1358.0,2100.0
100300,5.0,1498.0,2173.0,4114.4
100301,7.0,427.0,2117.0,5916.285714285715
100302,0.0,0.0,602.0,0.0
100303,2.0,235.0,1768.0,7210.5
100304,7.0,1063.0,2086.0,785.1428571428571
100305,1.0,1047.0,1911.0,12052.5
100306,0.0,0.0,1723.0,0.0
100307,10.0,1387.0,1830.0,2556.96
100308,0.0,0.0,1197.0,0.0
100309,2.0,264.0,1695.0,2213.0
100310,1.0,36.0,1241.0,950.0
100311,7.0,560.0,591.0,2985.1428571428573
100312,1.0,366.0,1928.0,1396.0
100313,2.0,898.0,1738.0,435.0
100314,9.0,883.0,2178.0,1082.888888888889
100315,3.0,490.0,939.0,38142.0
100316,0.0,0.0,836.0,0.0
100317,0.0,0.0,1534.0,0.0
100318,0.0,0.0,792.0,0.0
100319,0.0,0.0,1450.0,0.0
100320,1.0,47.0,1904.0,725.0
100321,16.0,1034.0,2185.0,820.49375
100322,0.0,0.0,2071.0,0.0
100323,4.0,625.0,2086.0,4467.5
100324,4.0,1617.0,1968.0,3746.775
100325,7.0,2039.0,2124.0,525.2857142857143
100326,0.0,0.0,1848.0,0.0
100327,2.0,1583.0,2103.0,3857.5
100328,1.0,190.0,1968.0,1050.0
100329,1.0,14.0,884.0,1972.5
100330,0.0,0.0,297.0,0.0
100331,4.0,1478.0,1781.0,3471.75
100332,1.0,54.0,2178.0,1848.0
100333,1.0,76.0,1141.0,149.0
100334,0.0,0.0,1603.0,0.0
100335,0.0,0.0,1687.0,0.0
100336,2.0,123.0,2072.0,12796.0
100337,0.0,0.0,591.0,0.0
100338,0.0,0.0,335.0,0.0
100339,2.0,241.0,913.0,1019.25
100340,3.0,427.0,1952.0,330.0
100341,0.0,0.0,1525.0,0.0
100342,2.0,375.0,1847.0,975.5
100343,6.0,1527.0,1907.0,3354.875
100344,21.0,1862.0,2166.0,5515.986666666667
100345,25.0,2141.0,2185.0,823.1232000000001
100346,0.0,0.0,94.0,0.0
100347,3.0,165.0,2149.0,1298.6000000000001
100349,1.0,24.0,598.0,634.0
100350,0.0,0.0,2170.0,0.0
100352,0.0,0.0,2159.0,0.0
100353,0.0,0.0,2143.0,0.0
100354,0.0,0.0,1569.0,0.0
100355,6.0,1051.0,1968.0,2172.3333333333335
100356,0.0,0.0,1795.0,0.0
100357,0.0,0.0,1848.0,0.0
100358,1.0,24.0,2040.0,2072.0
100359,1.0,35.0,1262.0,9825.0
100360,4.0,842.0,1900.0,932.0
100361,6.0,226.0,1662.0,1379.1783333333333
100362,1.0,296.0,2144.0,398.0
100363,0.0,0.0,1632.0,0.0
100364,5.0,1813.0,1906.0,1269.2
100365,0.0,0.0,1858.0,0.0
100366,9.0,1311.0,1781.0,1774.3333333333333
100367,6.0,1458.0,1577.0,5189.333333333333
100368,13.0,2038.0,2054.0,4248.331538461538
100369,1.0,1328.0,2157.0,974.0
100370,25.0,2116.0,2166.0,1550.6668
100371,0.0,0.0,1375.0,0.0
100372,4.0,281.0,2159.0,62.084999999999994
100373,2.0,71.0,218.0,37855.0
100374,2.0,465.0,2033.0,1144.5
100375,5.0,1192.0,1409.0,324.0
100376,0.0,0.0,79.0,0.0
100377,4.0,675.0,2123.0,782.25
100378,7.0,664.0,1982.0,3096.6428571428573
100379,7.0,1027.0,1330.0,4752.072857142856
100380,1.0,76.0,2115.0,497.02
100381,3.0,504.0,987.0,4058.9733333333334
100382,3.0,497.0,591.0,6590.333333333333
100383,0.0,0.0,1107.0,0.0
100384,0.0,0.0,177.0,0.0
100385,4.0,847.0,1990.0,2259.5
100386,16.0,2044.0,2136.0,4954.59375
100387,3.0,780.0,1599.0,3091.066666666667
100388,2.0,278.0,1806.0,1540.0
100389,4.0,736.0,2080.0,3416.625
100390,2.0,166.0,2150.0,1123.5
100391,3.0,388.0,2019.0,7729.09
100392,0.0,0.0,1431.0,0.0
100393,3.0,489.0,1598.0,4322.0
100394,0.0,0.0,1071.0,0.0
100395,10.0,1730.0,1899.0,4695.0
100396,6.0,1065.0,2178.0,586.8333333333334
100397,0.0,0.0,2054.0,0.0
100398,0.0,0.0,1932.0,0.0
100399,3.0,814.0,906.0,3738.9133333333334
100400,0.0,0.0,878.0,0.0
100401,15.0,1266.0,1472.0,2199.866666666667
100402,9.0,2071.0,2095.0,1766.0
100403,1.0,1064.0,1983.0,3084.0
100404,0.0,0.0,2124.0,0.0
100405,4.0,1770.0,1897.0,1041.0
100406,2.0,157.0,661.0,2548.0
100407,1.0,41.0,1969.0,650.0
100408,0.0,0.0,28.0,0.0
100409,0.0,0.0,1472.0,0.0
100410,1.0,645.0,2117.0,1062.5
100411,12.0,1153.0,2141.0,1421.8033333333333
100412,0.0,0.0,386.0,0.0
100413,1.0,15.0,701.0,1850.0
100414,2.0,315.0,2005.0,2690.0
100415,0.0,0.0,1358.0,0.0
100416,0.0,0.0,1947.0,0.0
100417,3.0,776.0,2122.0,120.33333333333333
100418,2.0,374.0,2173.0,1476.75
100419,0.0,0.0,2017.0,0.0
100420,0.0,0.0,1940.0,0.0
100421,0.0,0.0,2080.0,0.0
100422,1.0,220.0,2145.0,172.5
100423,22.0,1608.0,2185.0,4431.272727272727
100424,0.0,0.0,2180.0,0.0
100425,12.0,1360.0,2089.0,3203.7083333333335
100426,12.0,1393.0,2145.0,1098.8916666666667
100427,3.0,1295.0,2165.0,520.0
100428,0.0,0.0,1450.0,0.0
100429,0.0,0.0,1249.0,0.0
100430,7.0,492.0,1662.0,9970.0
100431,12.0,1401.0,2017.0,5595.305833333333
100432,1.0,57.0,976.0,2249.0
100433,3.0,1451.0,1907.0,863.3333333333334
100434,4.0,1470.0,1515.0,840.75
100435,2.0,145.0,1905.0,1216.25
100436,1.0,608.0,2178.0,236.0
100437,2.0,63.0,191.0,250.0
100438,15.0,1980.0,2081.0,15607.0
100439,0.0,0.0,2086.0,0.0
100440,4.0,187.0,1708.0,1515.795
100441,0.0,0.0,1246.0,0.0
100442,3.0,1378.0,2039.0,3548.6666666666665
100443,4.0,1241.0,1731.0,1460.0
100444,1.0,1499.0,1849.0,429.0
100445,3.0,907.0,1736.0,481.0
100446,8.0,1079.0,2148.0,3967.09375
100447,0.0,0.0,1492.0,0.0
100448,1.0,335.0,807.0,88.2
100449,0.0,0.0,1094.0,0.0
100450,1.0,230.0,588.0,297.0
100452,0.0,0.0,10.0,0.0
100453,1.0,8.0,913.0,3145.0
100454,3.0,1541.0,1647.0,46596.0
100455,0.0,0.0,1332.0,0.0
100456,0.0,0.0,990.0,0.0
100457,1.0,133.0,451.0,229.0
100458,1.0,371.0,1977.0,1899.0
100459,3.0,175.0,2061.0,4713.5
100460,4.0,1234.0,1361.0,1103.75
100461,0.0,0.0,91.0,0.0
100462,1.0,76.0,1731.0,13298.0
100463,1.0,18.0,2051.0,99.16
100465,0.0,0.0,1471.0,0.0
100466,3.0,105.0,941.0,33098.473333333335
100467,3.0,1010.0,2016.0,10404.066666666668
100468,0.0,0.0,203.0,0.0
100469,0.0,0.0,1330.0,0.0
100470,4.0,895.0,2074.0,276.0
100471,0.0,0.0,1113.0,0.0
100472,0.0,0.0,128.0,0.0
100473,0.0,0.0,1878.0,0.0
100474,1.0,49.0,112.0,22906.769999999997
100475,0.0,0.0,94.0,0.0
100476,3.0,83.0,1647.0,11539.666666666666
100477,3.0,416.0,899.0,9615.666666666666
100478,6.0,1561.0,1907.0,2265.6666666666665
100479,111.0,2093.0,2145.0,61335.121981981974
100480,0.0,0.0,1555.0,0.0
100481,1.0,43.0,1368.0,2475.0
100482,6.0,301.0,1582.0,3242.1666666666665
100483,3.0,837.0,1267.0,946.6666666666666
100484,4.0,1464.0,1515.0,5515.0
100485,2.0,437.0,1900.0,1335.75
100486,9.0,1338.0,1963.0,1224.5888888888887
100487,4.0,1195.0,1849.0,3867.145
100488,92.0,2056.0,2185.0,11375.63760869565
100489,4.0,1072.0,1205.0,2180.0
100490,0.0,0.0,458.0,0.0
100491,8.0,828.0,1955.0,2723.4875
100492,6.0,720.0,2156.0,4351.5
100493,7.0,882.0,2156.0,12421.285714285714
100494,5.0,1591.0,1920.0,842.6200000000001
100495,2.0,588.0,1960.0,971.5
100496,0.0,0.0,1570.0,0.0
100497,8.0,1265.0,2141.0,684.9
100498,6.0,1165.0,1920.0,29501.833333333332
100499,0.0,0.0,1646.0,0.0
100500,7.0,1783.0,1793.0,6802.428571428572
100501,1.0,14.0,1360.0,3000.0
100503,4.0,343.0,2124.0,886.6
100504,2.0,73.0,1165.0,2060.0
100505,3.0,261.0,2159.0,1792.2600000000002
100506,1.0,47.0,1562.0,745.0
100507,4.0,1433.0,1897.0,2832.25
100508,2.0,959.0,1570.0,9591.4
100509,0.0,0.0,196.0,0.0
100510,0.0,0.0,1668.0,0.0
100511,0.0,0.0,498.0,0.0
100512,0.0,0.0,2038.0,0.0
100513,0.0,0.0,1205.0,0.0
100514,0.0,0.0,842.0,0.0
100515,7.0,640.0,1200.0,13219.048571428571
100516,3.0,365.0,1998.0,1703.6666666666667
100517,3.0,1659.0,1925.0,7810.0
100518,1.0,39.0,1687.0,500.0
100519,3.0,752.0,1949.0,163.33333333333334
100520,1.0,825.0,2177.0,359.0
100521,0.0,0.0,868.0,0.0
100522,5.0,218.0,2095.0,2575.2
100523,0.0,0.0,969.0,0.0
100524,5.0,1301.0,2177.0,301.0
100525,2.0,58.0,947.0,375.0
100526,16.0,1895.0,2177.0,4803.5625
100527,14.0,1609.0,1891.0,947.7557142857141
100528,8.0,1811.0,2141.0,1318.25
100529,6.0,737.0,2067.0,673.3333333333334
100531,2.0,770.0,2178.0,506.5
100532,2.0,166.0,1113.0,105372.0
100533,2.0,1134.0,1218.0,83027.0
100534,6.0,721.0,1652.0,3787.6666666666665
100535,0.0,0.0,1689.0,0.0
100536,0.0,0.0,647.0,0.0
100537,8.0,1156.0,2178.0,1594.0
100538,0.0,0.0,2086.0,0.0
100539,0.0,0.0,2038.0,0.0
100540,0.0,0.0,2010.0,0.0
100541,0.0,0.0,1869.0,0.0
100542,1.0,26.0,1224.0,859.0
100543,0.0,0.0,1148.0,0.0
100544,0.0,0.0,840.0,0.0
100545,0.0,0.0,1708.0,0.0
100546,0.0,0.0,1515.0,0.0
100547,1.0,113.0,1205.0,1370.0
100548,0.0,0.0,1528.0,0.0
100549,8.0,1666.0,1668.0,8456.25
100550,3.0,356.0,813.0,42163.333333333336
100551,3.0,146.0,1541.0,3084.6666666666665
100552,0.0,0.0,1878.0,0.0
100553,0.0,0.0,1297.0,0.0
100554,1.0,301.0,1199.0,9086.0
100555,2.0,636.0,1701.0,1395.5
100556,12.0,630.0,1829.0,1632.9583333333333
100557,5.0,1623.0,1743.0,6548.8
100558,2.0,252.0,2124.0,2917.2749999999996
100559,5.0,1308.0,1778.0,1445.4
100560,1.0,358.0,1113.0,55463.0
100561,1.0,1027.0,1618.0,4598.0
100562,0.0,0.0,1197.0,0.0
100563,1.0,100.0,1655.0,2615.0
100564,1.0,431.0,1316.0,5139.0
100565,0.0,0.0,1053.0,0.0
100566,0.0,0.0,1785.0,0.0
100567,76.0,2150.0,2178.0,11266.599605263156
100568,3.0,672.0,2103.0,1624.1866666666665
100569,0.0,0.0,2115.0,0.0
100570,0.0,0.0,84.0,0.0
100571,1.0,126.0,1872.0,30.0
100572,0.0,0.0,2054.0,0.0
100573,5.0,1495.0,2142.0,5991.0
100574,0.0,0.0,1324.0,0.0
100575,2.0,1343.0,2185.0,2398.0
100576,0.0,0.0,1358.0,0.0
100577,0.0,0.0,885.0,0.0
100578,0.0,0.0,2086.0,0.0
100579,6.0,1103.0,1657.0,3069.8333333333335
100580,1.0,28.0,92.0,58742.31
100581,0.0,0.0,471.0,0.0
100582,0.0,0.0,93.0,0.0
100583,0.0,0.0,2044.0,0.0
100584,2.0,715.0,2115.0,901.5
100585,0.0,0.0,93.0,0.0
100586,5.0,511.0,2102.0,8485.4
100587,0.0,0.0,1806.0,0.0
100588,6.0,1309.0,1778.0,1559.5833333333333
100589,0.0,0.0,819.0,0.0
100590,35.0,1994.0,2010.0,58239.76085714286
100591,1.0,83.0,2165.0,78.24
100592,0.0,0.0,1297.0,0.0
100593,0.0,0.0,934.0,0.0
100594,14.0,907.0,2096.0,2337.8571428571427
100595,1.0,11.0,1232.0,850.0
100596,1.0,34.0,336.0,475.0
100597,8.0,1527.0,1618.0,854.875
100598,1.0,21.0,1984.0,595.0
100599,2.0,733.0,1330.0,1185.0
100600,5.0,1094.0,2145.0,1009.844
100601,1.0,91.0,380.0,3500.0
100602,7.0,719.0,2155.0,1744.0
100603,2.0,479.0,1690.0,550.0
100604,0.0,0.0,2143.0,0.0
100605,0.0,0.0,177.0,0.0
100606,14.0,1316.0,1634.0,9957.128571428571
100607,0.0,0.0,1092.0,0.0
100608,105.0,2110.0,2173.0,32934.36180952381
100609,1.0,27.0,134.0,750.0
100610,3.0,97.0,184.0,1549.0500000000002
100611,0.0,0.0,1522.0,0.0
100612,6.0,1658.0,2162.0,4130.666666666667
100614,1.0,266.0,1582.0,85170.0
100615,41.0,1897.0,2185.0,31110.508048780488
100616,2.0,514.0,2068.0,6107.0
100617,1.0,43.0,1597.0,1100.0
100618,7.0,1046.0,2159.0,732.5714285714286
100619,3.0,629.0,1625.0,20410.0
100620,1.0,295.0,318.0,1353.0
100621,1.0,3.0,1920.0,798.0
100622,0.0,0.0,1239.0,0.0
100623,6.0,659.0,751.0,36873.458333333336
100625,6.0,1813.0,1990.0,3530.8333333333335
100626,3.0,1171.0,1220.0,685.0
100627,2.0,1520.0,1598.0,3971.75
100628,2.0,54.0,2038.0,1696.0
100629,0.0,0.0,1371.0,0.0
100630,1.0,4.0,348.0,328.37
100631,0.0,0.0,569.0,0.0
100632,4.0,963.0,2142.0,100.0
100633,0.0,0.0,560.0,0.0
100634,3.0,348.0,483.0,40792.153333333335
100635,15.0,1687.0,2012.0,2419.4166666666665
100636,0.0,0.0,374.0,0.0
100637,2.0,189.0,1949.0,401.0
100638,61.0,2067.0,2165.0,19659.77524590164
100639,9.0,1441.0,1520.0,4892.388888888889
100640,0.0,0.0,64.0,0.0
100641,1.0,1217.0,2066.0,677.06
100642,3.0,1988.0,2089.0,5011.0
100643,2.0,575.0,1122.0,300996.335
100644,11.0,337.0,2122.0,5768.0
100645,0.0,0.0,806.0,0.0
100646,0.0,0.0,1890.0,0.0
100648,0.0,0.0,1683.0,0.0
100649,4.0,1379.0,2024.0,6110.25
100650,1.0,15.0,1821.0,350.0
100651,2.0,50.0,2184.0,547.5
100652,2.0,448.0,526.0,12350.0
100653,1.0,78.0,157.0,13110.0
100654,1.0,110.0,617.0,88.2
100655,2.0,1001.0,1795.0,439.565
100656,0.0,0.0,1899.0,0.0
100657,6.0,339.0,1525.0,8936.458333333334
100658,8.0,1074.0,1228.0,1190.75
100659,0.0,0.0,1290.0,0.0
100660,1.0,493.0,962.0,4180.0
100661,0.0,0.0,934.0,0.0
100662,1.0,33.0,1919.0,1999.0
100663,3.0,393.0,507.0,6328.933333333333
100664,0.0,0.0,134.0,0.0
100665,0.0,0.0,1675.0,0.0
100666,1.0,94.0,269.0,4400.0
100667,13.0,2023.0,2102.0,2943.496923076923
100668,45.0,2014.0,2185.0,19570.60111111111
100669,2.0,667.0,1934.0,2274.5
100670,8.0,1630.0,1955.0,1444.75
100671,0.0,0.0,1127.0,0.0
100672,2.0,21.0,94.0,17379.0
100673,0.0,0.0,983.0,0.0
100674,9.0,513.0,1052.0,16100.734444444446
100675,1.0,28.0,499.0,1549.0
100676,0.0,0.0,863.0,0.0
100677,0.0,0.0,2061.0,0.0
100678,0.0,0.0,1387.0,0.0
100679,0.0,0.0,864.0,0.0
100680,0.0,0.0,1952.0,0.0
100681,0.0,0.0,1323.0,0.0
100682,2.0,184.0,1347.0,2292.5
100683,0.0,0.0,1249.0,0.0
100684,1.0,220.0,2166.0,450.0
100685,8.0,1095.0,1336.0,1492.5
100686,2.0,52.0,153.0,10535.0
100687,0.0,0.0,913.0,0.0
100688,6.0,214.0,1442.0,19501.0
100689,0.0,0.0,2124.0,0.0
100690,0.0,0.0,1954.0,0.0
100691,15.0,994.0,2137.0,1301.8
100692,0.0,0.0,1974.0,0.0
100693,4.0,1141.0,1598.0,31411.25
100694,0.0,0.0,1570.0,0.0
100695,0.0,0.0,1030.0,0.0
100696,0.0,0.0,710.0,0.0
100697,2.0,727.0,1926.0,337.5
100698,1.0,26.0,1198.0,144.0
100699,2.0,247.0,2171.0,965.0
100700,0.0,0.0,1436.0,0.0
100701,0.0,0.0,2166.0,0.0
100702,19.0,1986.0,2024.0,2214.6315789473683
100703,3.0,410.0,1708.0,1794.0
100704,0.0,0.0,2166.0,0.0
100705,0.0,0.0,1938.0,0.0
100706,5.0,392.0,1928.0,1005.4
100707,2.0,234.0,668.0,3137.0
100708,10.0,1778.0,1788.0,4911.9
100709,2.0,1217.0,1339.0,422.025
100710,0.0,0.0,1695.0,0.0
100711,1.0,722.0,913.0,6000.0
100712,0.0,0.0,1480.0,0.0
100713,1.0,14.0,36.0,440.0
100714,5.0,1584.0,1808.0,24329.15
100715,2.0,328.0,1533.0,3333.5
100716,7.0,686.0,1183.0,11139.151428571427
100717,0.0,0.0,2171.0,0.0
100718,2.0,249.0,335.0,7998.0
100719,4.0,764.0,1205.0,8890.99
100720,7.0,1161.0,2151.0,849.2857142857143
100721,1.0,187.0,1036.0,650.0
100722,2.0,36.0,507.0,13483.5
100723,1.0,354.0,1785.0,2117.5
100724,3.0,601.0,1386.0,2851.2666666666664
100725,15.0,679.0,1928.0,4347.893333333333
100726,0.0,0.0,647.0,0.0
100728,2.0,196.0,1613.0,500.0
100729,6.0,951.0,1428.0,1163.3416666666667
100730,0.0,0.0,1940.0,0.0
100731,0.0,0.0,1219.0,0.0
100732,9.0,1491.0,1900.0,2827.1111111111113
100733,11.0,1875.0,1891.0,6360.636363636364
100734,5.0,1918.0,1920.0,6936.0
100735,0.0,0.0,2163.0,0.0
100736,6.0,794.0,1242.0,19828.166666666668
100737,0.0,0.0,1879.0,0.0
100739,13.0,1731.0,1768.0,243625.54
100740,12.0,1971.0,2183.0,2774.16
100741,0.0,0.0,983.0,0.0
100742,0.0,0.0,1924.0,0.0
100743,7.0,1097.0,2155.0,711.1285714285714
100744,7.0,1425.0,1988.0,4972.857142857143
100745,5.0,1002.0,1996.0,965.24
100746,3.0,2142.0,2178.0,10422.266666666668
100747,1.0,21.0,1781.0,2509.0
100748,0.0,0.0,1800.0,0.0
100749,3.0,1213.0,1893.0,581.0
100750,3.0,1214.0,1969.0,6391.666666666667
100751,6.0,504.0,1820.0,63633.333333333336
100752,2.0,457.0,2012.0,3495.0
100753,6.0,1795.0,1907.0,1420.0
100754,2.0,1073.0,1768.0,1542.0
100755,7.0,1807.0,2060.0,4983.142857142857
100756,9.0,1582.0,2142.0,2915.8877777777775
100757,0.0,0.0,2134.0,0.0
100758,3.0,416.0,2162.0,1037.8666666666666
100759,4.0,1197.0,1766.0,850.05
100760,1.0,101.0,2078.0,140.0
100761,0.0,0.0,422.0,0.0
100762,15.0,1532.0,2177.0,905.6046666666666
100763,1.0,362.0,1267.0,20150.0
100764,1.0,63.0,2016.0,2960.0
100765,3.0,698.0,2029.0,2109.0
100766,5.0,1868.0,1917.0,941.6
100767,10.0,2053.0,2081.0,1712.0
100768,1.0,7.0,1213.0,500.0
100769,1.0,69.0,1919.0,1650.0
100770,9.0,1336.0,2155.0,1135.7433333333333
100771,3.0,782.0,1995.0,4597.333333333333
100772,0.0,0.0,1827.0,0.0
100773,2.0,1183.0,2150.0,797.5
100774,6.0,466.0,1330.0,18072.626666666667
100775,0.0,0.0,1675.0,0.0
100776,16.0,1463.0,1526.0,8776.78125
100777,0.0,0.0,1339.0,0.0
100778,0.0,0.0,72.0,0.0
100779,10.0,1497.0,1940.0,2543.05
100780,2.0,768.0,1553.0,352.0
100781,1.0,33.0,140.0,1162.0
100782,2.0,138.0,2072.0,2625.0
100783,0.0,0.0,1302.0,0.0
100784,1.0,98.0,2017.0,330.0
100785,1.0,44.0,2158.0,990.0
100786,5.0,820.0,2046.0,333.4
100787,0.0,0.0,1801.0,0.0
100788,1.0,238.0,2038.0,899.0
100789,2.0,548.0,1137.0,2249.5
100790,1.0,2.0,2082.0,1588.0
100792,0.0,0.0,917.0,0.0
100793,14.0,1132.0,2170.0,3400.35
100794,2.0,143.0,1235.0,5638.05
100795,1.0,97.0,1766.0,489.0
100796,11.0,1050.0,1164.0,15917.59090909091
100797,1.0,17.0,766.0,1200.0
100798,21.0,1704.0,2117.0,4132.275714285714
100799,0.0,0.0,1472.0,0.0
100800,1.0,21.0,528.0,878.85
100801,0.0,0.0,1773.0,0.0
100802,0.0,0.0,1291.0,0.0
100803,3.0,302.0,1884.0,195.91333333333333
100804,0.0,0.0,1291.0,0.0
100805,13.0,542.0,1487.0,6870.153846153846
100806,1.0,108.0,1938.0,599.0
100807,0.0,0.0,842.0,0.0
100808,26.0,2024.0,2173.0,38684.846153846156
100809,1.0,16.0,2150.0,877.4
100810,7.0,399.0,1694.0,1030.0
100811,0.0,0.0,330.0,0.0
100812,10.0,2093.0,2143.0,17452.142
100813,1.0,795.0,1911.0,425.0
100814,4.0,479.0,1690.0,10997.25
100815,0.0,0.0,1900.0,0.0
100816,3.0,1509.0,2072.0,1425.0
100817,5.0,1358.0,2170.0,787.4
100818,3.0,650.0,1743.0,491.0
100819,0.0,0.0,127.0,0.0
100820,9.0,1583.0,2039.0,1965.5755555555556
100821,19.0,2063.0,2185.0,3435.1052631578946
100822,0.0,0.0,497.0,0.0
100823,2.0,574.0,976.0,39633.0
100824,1.0,118.0,2123.0,42.0
100825,0.0,0.0,2011.0,0.0
100826,2.0,533.0,680.0,5785.95
100827,0.0,0.0,624.0,0.0
100828,0.0,0.0,1096.0,0.0
100830,2.0,971.0,1548.0,2851.0
100831,3.0,1032.0,1434.0,13125.666666666666
100832,4.0,2109.0,2137.0,28863.75
100833,4.0,1376.0,1525.0,3116.9
100834,0.0,0.0,612.0,0.0
100835,10.0,691.0,904.0,7888.325
100836,10.0,1301.0,1576.0,2645.25
100837,0.0,0.0,1395.0,0.0
100838,1.0,72.0,1955.0,212.9
100839,0.0,0.0,598.0,0.0
100840,2.0,85.0,1926.0,4704.0
100841,2.0,1231.0,1282.0,24910.5
100842,4.0,539.0,1281.0,13193.305
100843,2.0,19.0,57.0,50899.0
100844,1.0,70.0,1722.0,3850.0
100845,1.0,182.0,471.0,995.0
100846,20.0,1509.0,2072.0,3129.35
100847,19.0,1608.0,2162.0,3176.75
100848,6.0,1408.0,1417.0,5194.333333333333
100849,6.0,1691.0,1701.0,1892.3333333333333
100850,0.0,0.0,246.0,0.0
100851,2.0,288.0,1864.0,320.0
100852,1.0,34.0,2158.0,1980.0
100853,1.0,2.0,2151.0,99.0
100854,0.0,0.0,1472.0,0.0
100855,0.0,0.0,1179.0,0.0
100856,0.0,0.0,91.0,0.0
100857,0.0,0.0,2093.0,0.0
100858,1.0,47.0,1938.0,1197.0
100859,1.0,29.0,535.0,2860.0
100860,4.0,1624.0,1781.0,7086.125
100861,13.0,2084.0,2122.0,9751.797692307691
100862,2.0,79.0,1990.0,925.0
100863,2.0,84.0,156.0,8688.5
100864,4.0,1714.0,2135.0,1067.75
100865,6.0,510.0,1667.0,12713.833333333334
100866,2.0,393.0,1235.0,1131.5
100867,5.0,978.0,2170.0,404.0
100868,3.0,628.0,2143.0,423.32666666666665
100869,1.0,40.0,154.0,1500.0
100870,3.0,1582.0,1739.0,14001.333333333334
100871,1.0,730.0,1891.0,2586.0
100872,1.0,63.0,1991.0,165.0
100873,0.0,0.0,1491.0,0.0
100874,5.0,175.0,2018.0,1496.8
100875,0.0,0.0,2018.0,0.0
100876,3.0,122.0,1952.0,19077.826666666668
100877,2.0,722.0,1884.0,694.5
100878,0.0,0.0,1282.0,0.0
100879,2.0,397.0,2185.0,104.5
100880,3.0,306.0,1938.0,2506.0
100881,2.0,126.0,2185.0,1836.0
100882,0.0,0.0,281.0,0.0
100883,0.0,0.0,64.0,0.0
100884,2.0,89.0,2143.0,1718.0
100885,3.0,202.0,699.0,9430.0
100886,2.0,1521.0,1760.0,905.0
100887,2.0,56.0,1094.0,600.0
100888,4.0,607.0,896.0,31798.5
100889,7.0,1450.0,2149.0,3012.0
100890,0.0,0.0,1932.0,0.0
100891,0.0,0.0,1291.0,0.0
100893,0.0,0.0,766.0,0.0
100894,0.0,0.0,1828.0,0.0
100895,11.0,1127.0,2159.0,682.4545454545455
100896,0.0,0.0,469.0,0.0
100897,16.0,1769.0,2009.0,3289.6875
100898,0.0,0.0,1722.0,0.0
100899,2.0,437.0,920.0,1043.05
100900,5.0,778.0,2005.0,1178.4
100901,12.0,595.0,2150.0,2917.5833333333335
100903,0.0,0.0,1094.0,0.0
100904,8.0,777.0,2107.0,955.5
100905,3.0,334.0,2072.0,599.0
100906,17.0,1037.0,2165.0,2110.3529411764707
100907,6.0,592.0,2107.0,798.6666666666666
100908,4.0,144.0,2177.0,10086.795
100909,1.0,12.0,825.0,87.0
100910,4.0,1172.0,2033.0,781.325
100911,0.0,0.0,1618.0,0.0
100912,0.0,0.0,496.0,0.0
100913,0.0,0.0,496.0,0.0
100914,0.0,0.0,16.0,0.0
100915,0.0,0.0,2157.0,0.0
100916,0.0,0.0,1731.0,0.0
100917,0.0,0.0,876.0,0.0
100918,2.0,937.0,1582.0,794.5
100919,0.0,0.0,1069.0,0.0
100920,2.0,478.0,1220.0,2362.0
100921,0.0,0.0,113.0,0.0
100922,7.0,438.0,535.0,6450.428571428572
100923,0.0,0.0,107.0,0.0
100925,1.0,196.0,2109.0,229.45
100926,0.0,0.0,1655.0,0.0
100927,0.0,0.0,2145.0,0.0
100929,0.0,0.0,988.0,0.0
100930,0.0,0.0,1897.0,0.0
100931,10.0,2123.0,2159.0,5094.727000000001
100932,2.0,155.0,654.0,40375.0
100933,3.0,140.0,1297.0,8905.666666666666
100934,1.0,5.0,348.0,2499.0
100935,5.0,1121.0,2143.0,1106.328
100936,0.0,0.0,122.0,0.0
100937,1.0,373.0,2166.0,297.0
100938,9.0,629.0,2162.0,4990.777777777777
100939,0.0,0.0,1515.0,0.0
100940,1.0,651.0,745.0,3000.0
100941,0.0,0.0,2.0,0.0
100942,2.0,74.0,1280.0,24865.0
100944,0.0,0.0,457.0,0.0
100945,19.0,2072.0,2170.0,3741.086842105263
100946,0.0,0.0,2170.0,0.0
100947,0.0,0.0,1899.0,0.0
100948,0.0,0.0,1888.0,0.0
100949,4.0,1068.0,1889.0,1237.5
100950,1.0,41.0,2029.0,2200.0
100951,0.0,0.0,962.0,0.0
100952,0.0,0.0,1386.0,0.0
100953,0.0,0.0,1031.0,0.0
100954,9.0,824.0,2163.0,2016.4444444444443
100955,0.0,0.0,1614.0,0.0
100956,0.0,0.0,896.0,0.0
100957,4.0,1412.0,1995.0,1180.5
100958,0.0,0.0,1441.0,0.0
100959,0.0,0.0,1436.0,0.0
100960,0.0,0.0,959.0,0.0
100961,0.0,0.0,1599.0,0.0
100962,0.0,0.0,959.0,0.0
100963,0.0,0.0,1592.0,0.0
100964,3.0,560.0,2075.0,952.8133333333334
100965,5.0,1788.0,2043.0,2131.02
100966,1.0,254.0,1319.0,228.0
100967,5.0,1911.0,2018.0,4903.2
100968,0.0,0.0,493.0,0.0
100969,5.0,1900.0,2141.0,13263.2
100970,8.0,713.0,1219.0,7228.125
100971,1.0,1904.0,2166.0,1099.0
100972,4.0,457.0,1976.0,342.5
100973,5.0,566.0,1883.0,2191.0
100974,0.0,0.0,1752.0,0.0
100976,2.0,709.0,2159.0,2354.0
100977,4.0,875.0,969.0,14534.887499999999
100978,19.0,1660.0,2089.0,1515.192105263158
100979,0.0,0.0,2096.0,0.0
100980,1.0,39.0,2016.0,660.0
100981,1.0,27.0,1448.0,290.0
100982,2.0,131.0,1899.0,635.0
100983,0.0,0.0,490.0,0.0
100984,1.0,233.0,2137.0,4950.0
100985,79.0,2059.0,2173.0,13749.620253164558
100986,1.0,3.0,318.0,1005.0
100987,2.0,157.0,1788.0,4291.0
100988,5.0,457.0,2179.0,2369.4
100989,7.0,1150.0,1745.0,4818.571428571428
100990,0.0,0.0,1177.0,0.0
100991,0.0,0.0,1912.0,0.0
100992,0.0,0.0,1854.0,0.0
100993,0.0,0.0,1338.0,0.0
100994,2.0,257.0,1821.0,2274.5
100995,1.0,49.0,2173.0,3425.0
100996,6.0,1295.0,1779.0,351.06333333333333
100997,1.0,2154.0,2177.0,6096.0
100998,3.0,1070.0,1955.0,2564.6666666666665
100999,4.0,371.0,532.0,21925.65
101000,1.0,330.0,1843.0,515.48
101001,0.0,0.0,128.0,0.0
101002,0.0,0.0,871.0,0.0
101003,0.0,0.0,70.0,0.0
101004,11.0,1169.0,2122.0,765.5454545454545
101005,3.0,883.0,1352.0,9386.333333333334
101006,11.0,1008.0,1990.0,1196.6818181818182
101007,4.0,924.0,1584.0,4309.75
101008,11.0,1153.0,2135.0,1007.6363636363636
101009,4.0,1068.0,1897.0,19504.5
101010,0.0,0.0,1332.0,0.0
101011,9.0,1796.0,2141.0,205.44444444444446
101012,13.0,715.0,990.0,3849.6153846153848
101014,7.0,1711.0,1920.0,12006.142857142857
101015,2.0,28.0,1907.0,2812.0
101016,0.0,0.0,834.0,0.0
101017,9.0,1667.0,2116.0,1778.2777777777778
